bin,range_m,mf_magnitude,cfar_threshold,detected
0,0.0000,10.217580,29.532046,0
1,14.9896,4.763852,30.248418,0
2,29.9792,9.575112,30.447270,0
3,44.9689,3.746568,29.425039,0
4,59.9585,5.061612,29.725580,0
5,74.9481,4.572168,29.446414,0
6,89.9377,5.603539,28.135555,0
7,104.9274,12.434716,28.060086,0
8,119.9170,7.288951,27.091706,0
9,134.9066,12.557031,25.743092,0
10,149.8962,12.919530,25.207796,0
11,164.8859,8.094673,24.545094,0
12,179.8755,12.195091,24.351738,0
13,194.8651,15.815392,24.074695,0
14,209.8547,9.901902,23.947589,0
15,224.8443,8.762170,23.922774,0
16,239.8340,10.147247,23.706522,0
17,254.8236,9.225099,25.182358,0
18,269.8132,10.665543,28.025398,0
19,284.8028,6.367285,28.567762,0
20,299.7925,4.945110,28.761851,0
21,314.7821,7.859189,30.531952,0
22,329.7717,2.739082,31.974393,0
23,344.7613,7.452637,32.530069,0
24,359.7509,9.568645,32.897656,0
25,374.7406,7.670087,32.878652,0
26,389.7302,3.582774,33.181046,0
27,404.7198,6.316371,33.268081,0
28,419.7094,0.528726,33.174715,0
29,434.6991,4.585372,33.877801,0
30,449.6887,2.194013,33.661282,0
31,464.6783,4.119048,33.175112,0
32,479.6679,2.210811,33.020648,0
33,494.6576,1.436212,30.998402,0
34,509.6472,2.593500,28.143613,0
35,524.6368,1.463390,27.840009,0
36,539.6264,8.598702,26.852230,0
37,554.6160,15.543609,23.867031,0
38,569.6057,17.476676,21.955794,0
39,584.5953,7.930496,21.120255,0
40,599.5849,11.988421,20.719045,0
41,614.5745,19.363705,21.481436,0
42,629.5642,14.858017,23.732625,0
43,644.5538,11.193558,25.908871,0
44,659.5434,6.773808,25.785377,0
45,674.5330,4.294576,26.305134,0
46,689.5227,4.883230,29.097583,0
47,704.5123,7.629157,30.437609,0
48,719.5019,9.239482,30.724070,0
49,734.4915,10.246165,31.144813,0
50,749.4811,7.856795,31.037861,0
51,764.4708,7.667666,30.688024,0
52,779.4604,8.301059,30.892630,0
53,794.4500,1.369888,31.646025,0
54,809.4396,5.320430,31.991200,0
55,824.4293,10.254996,32.727813,0
56,839.4189,6.446018,33.629201,0
57,854.4085,4.366572,33.382013,0
58,869.3981,6.419796,32.185793,0
59,884.3878,11.153878,30.367739,0
60,899.3774,5.827067,30.445397,0
61,914.3670,8.088584,29.256810,0
62,929.3566,12.214458,25.864516,0
63,944.3462,9.175291,24.222886,0
64,959.3359,7.673072,24.169420,0
65,974.3255,11.575753,23.986360,0
66,989.3151,14.473162,24.350325,0
67,1004.3047,9.490508,25.772344,0
68,1019.2944,6.003342,26.119129,0
69,1034.2840,5.858351,25.616884,0
70,1049.2736,3.308897,26.646051,0
71,1064.2632,4.624644,26.418171,0
72,1079.2528,6.171835,25.748733,0
73,1094.2425,8.936218,25.539569,0
74,1109.2321,2.037964,24.872948,0
75,1124.2217,14.572023,24.690141,0
76,1139.2113,12.515677,26.272478,0
77,1154.2010,4.559635,30.562983,0
78,1169.1906,12.399693,31.334706,0
79,1184.1802,4.508705,52.029134,0
80,1199.1698,5.546511,76.276020,0
81,1214.1595,4.837898,81.410549,0
82,1229.1491,2.170655,81.307726,0
83,1244.1387,4.804244,82.420162,0
84,1259.1283,5.400858,89.594901,0
85,1274.1179,4.451832,93.385912,0
86,1289.1076,4.088490,92.968320,0
87,1304.0972,10.475967,93.176175,0
88,1319.0868,8.128019,93.328399,0
89,1334.0764,5.332875,94.030900,0
90,1349.0661,11.679470,94.289156,0
91,1364.0557,5.323932,94.332873,0
92,1379.0453,4.545002,94.154991,0
93,1394.0349,4.636049,93.027362,0
94,1409.0246,4.532926,92.853176,0
95,1424.0142,3.243528,83.201410,0
96,1439.0038,18.876575,61.405748,0
97,1453.9934,27.531995,54.448858,0
98,1468.9830,9.335182,54.907671,0
99,1483.9727,72.337566,52.771827,1
100,1498.9623,96.275501,38.914218,1
101,1513.9519,48.215143,30.402616,1
102,1528.9415,3.344473,34.324838,0
103,1543.9312,25.520358,33.072870,0
104,1558.9208,61.889608,52.764688,1
105,1573.9104,46.221477,75.855093,0
106,1588.9000,3.697897,80.491125,0
107,1603.8897,18.684553,80.507096,0
108,1618.8793,13.144194,81.420387,0
109,1633.8689,20.566998,88.619346,0
110,1648.8585,13.448807,92.569736,0
111,1663.8481,5.429322,92.485233,0
112,1678.8378,12.939777,93.068366,0
113,1693.8274,9.857891,93.274342,0
114,1708.8170,6.440731,93.747840,0
115,1723.8066,2.372547,93.883244,0
116,1738.7963,1.696478,93.872626,0
117,1753.7859,6.639691,93.489801,0
118,1768.7755,12.685448,92.302789,0
119,1783.7651,9.742854,92.277987,0
120,1798.7547,5.534699,82.281128,0
121,1813.7444,6.470711,60.443677,0
122,1828.7340,6.345528,53.673543,0
123,1843.7236,3.698945,54.113717,0
124,1858.7132,5.582103,52.201065,0
125,1873.7029,9.371358,38.257544,0
126,1888.6925,7.017207,27.185756,0
127,1903.6821,6.535831,27.376661,0
128,1918.6717,8.325006,26.424462,0
129,1933.6614,1.781897,26.435058,0
130,1948.6510,8.921279,24.527070,0
131,1963.6406,9.026501,23.642356,0
132,1978.6302,2.556186,23.857853,0
133,1993.6198,2.655936,23.362376,0
134,2008.6095,4.992627,22.769233,0
135,2023.5991,3.282573,23.058430,0
136,2038.5887,2.387136,23.427295,0
137,2053.5783,3.962018,24.050987,0
138,2068.5680,6.313261,24.542760,0
139,2083.5576,6.754175,23.623465,0
140,2098.5472,5.106701,23.341436,0
141,2113.5368,2.991963,23.568550,0
142,2128.5265,3.660074,23.856716,0
143,2143.5161,5.936092,23.914093,0
144,2158.5057,3.998224,22.805928,0
145,2173.4953,4.589688,22.240356,0
146,2188.4849,1.283378,21.430095,0
147,2203.4746,9.279952,21.053081,0
148,2218.4642,13.724538,20.841944,0
149,2233.4538,12.261458,20.071887,0
150,2248.4434,8.280365,19.827113,0
151,2263.4331,3.824686,19.015146,0
152,2278.4227,4.811436,19.273882,0
153,2293.4123,6.609066,20.156634,0
154,2308.4019,7.198499,20.382637,0
155,2323.3915,6.873857,20.430597,0
156,2338.3812,1.281250,20.210056,0
157,2353.3708,9.699539,20.177158,0
158,2368.3604,11.048918,20.793899,0
159,2383.3500,6.202376,20.545897,0
160,2398.3397,7.773008,20.742170,0
161,2413.3293,8.828558,20.147332,0
162,2428.3189,8.294304,20.733285,0
163,2443.3085,9.733667,21.926828,0
164,2458.2982,1.092394,22.322058,0
165,2473.2878,8.890282,23.081655,0
166,2488.2774,6.429739,23.703806,0
167,2503.2670,1.565264,24.150099,0
168,2518.2566,2.026832,24.209205,0
169,2533.2463,1.592193,22.830690,0
170,2548.2359,2.155464,22.333764,0
171,2563.2255,5.534397,22.330726,0
172,2578.2151,5.167716,22.058250,0
173,2593.2048,4.076201,21.625245,0
174,2608.1944,2.501954,20.555526,0
175,2623.1840,0.836837,20.119304,0
176,2638.1736,5.449130,19.917696,0
177,2653.1633,7.517195,20.078677,0
178,2668.1529,10.797046,19.242463,0
179,2683.1425,7.214109,18.143250,0
180,2698.1321,4.884648,17.420138,0
181,2713.1217,5.526948,17.111505,0
182,2728.1114,5.294738,16.684698,0
183,2743.1010,6.814063,18.001943,0
184,2758.0906,7.301484,18.184221,0
185,2773.0802,7.842731,18.458425,0
186,2788.0699,5.919577,18.716556,0
187,2803.0595,5.245534,20.548445,0
188,2818.0491,5.162240,22.382518,0
189,2833.0387,3.059268,22.680479,0
190,2848.0284,3.205271,23.035366,0
191,2863.0180,5.245604,23.626227,0
192,2878.0076,2.367894,25.217359,0
193,2892.9972,4.340112,26.491883,0
194,2907.9868,4.736294,27.209926,0
195,2922.9765,6.783510,27.204667,0
196,2937.9661,4.034659,27.403822,0
197,2952.9557,4.978802,27.276423,0
198,2967.9453,2.629235,27.716873,0
199,2982.9350,6.247819,26.766853,0
200,2997.9246,3.738367,26.319999,0
201,3012.9142,7.764035,26.614944,0
202,3027.9038,3.636990,26.452109,0
203,3042.8934,10.804164,24.797342,0
204,3057.8831,9.440676,23.381596,0
205,3072.8727,4.101012,23.322496,0
206,3087.8623,9.356041,23.531612,0
207,3102.8519,16.015287,22.955851,0
208,3117.8416,14.060859,22.006149,0
209,3132.8312,3.145060,21.762430,0
210,3147.8208,3.479009,22.480492,0
211,3162.8104,9.913910,24.029501,0
212,3177.8001,15.887436,26.955535,0
213,3192.7897,14.914677,30.629705,0
214,3207.7793,11.392302,31.282943,0
215,3222.7689,5.844923,30.944310,0
216,3237.7585,4.446080,31.471006,0
217,3252.7482,7.967409,32.494878,0
218,3267.7378,11.114119,33.232382,0
219,3282.7274,7.461863,34.122430,0
220,3297.7170,4.901805,34.747316,0
221,3312.7067,8.438709,35.404400,0
222,3327.6963,8.208857,35.427736,0
223,3342.6859,4.830791,35.790616,0
224,3357.6755,0.769407,35.373870,0
225,3372.6652,6.399353,34.470056,0
226,3387.6548,6.535207,33.797490,0
227,3402.6444,6.312491,32.880711,0
228,3417.6340,5.930183,30.926853,0
229,3432.6236,11.313102,27.108765,0
230,3447.6133,14.750562,26.014569,0
231,3462.6029,13.149629,26.646255,0
232,3477.5925,15.430294,25.848003,0
233,3492.5821,22.488990,24.258186,0
234,3507.5718,15.928953,23.635573,0
235,3522.5614,1.681455,23.807810,0
236,3537.5510,8.385957,23.930693,0
237,3552.5406,5.607803,24.413698,0
238,3567.5303,3.881559,27.170716,0
239,3582.5199,8.956033,28.672488,0
240,3597.5095,11.597350,29.317397,0
241,3612.4991,13.166936,29.831894,0
242,3627.4887,6.668251,30.068297,0
243,3642.4784,2.653108,30.537356,0
244,3657.4680,2.700973,30.452318,0
245,3672.4576,1.952943,31.270734,0
246,3687.4472,5.051731,31.927040,0
247,3702.4369,3.127111,31.723385,0
248,3717.4265,9.871431,31.730766,0
249,3732.4161,6.204026,31.583573,0
250,3747.4057,6.956121,31.375303,0
251,3762.3953,8.482977,30.554598,0
252,3777.3850,1.767014,30.103646,0
253,3792.3746,3.137951,29.899055,0
254,3807.3642,4.485582,27.175562,0
255,3822.3538,4.112990,25.775115,0
256,3837.3435,3.652086,25.607564,0
257,3852.3331,5.005395,29.990016,0
258,3867.3227,5.348595,29.398264,0
259,3882.3123,11.326095,57.106355,0
260,3897.3020,13.125499,99.435271,0
261,3912.2916,6.982996,114.377538,0
262,3927.2812,10.379894,114.443002,0
263,3942.2708,12.138052,115.234127,0
264,3957.2604,5.002062,115.460627,0
265,3972.2501,7.486220,116.002836,0
266,3987.2397,6.350757,116.045729,0
267,4002.2293,5.598036,116.134025,0
268,4017.2189,6.110252,116.251365,0
269,4032.2086,3.126676,115.970638,0
270,4047.1982,10.245851,116.011290,0
271,4062.1878,7.522189,115.857102,0
272,4077.1774,9.718853,115.703584,0
273,4092.1671,11.353217,114.638395,0
274,4107.1567,5.459693,114.758864,0
275,4122.1463,10.549212,103.733114,0
276,4137.1359,8.793868,64.258660,0
277,4152.1255,29.094896,30.221016,0
278,4167.1152,4.896224,30.035132,0
279,4182.1048,85.608740,27.591247,1
280,4197.0944,141.265053,27.333840,1
281,4212.0840,98.774204,25.351356,1
282,4227.0737,15.282652,30.555434,0
283,4242.0633,24.331028,30.994737,0
284,4257.0529,8.530067,57.835807,0
285,4272.0425,14.868921,100.121746,0
286,4287.0321,9.480088,115.286191,0
287,4302.0218,5.985686,115.638737,0
288,4317.0114,6.217759,116.542017,0
289,4332.0010,2.420309,116.558369,0
290,4346.9906,6.366309,116.713225,0
291,4361.9803,3.485357,116.741396,0
292,4376.9699,3.371812,116.701096,0
293,4391.9595,8.754551,116.650792,0
294,4406.9491,10.339385,116.393264,0
295,4421.9388,4.578383,116.167298,0
296,4436.9284,5.763474,116.033137,0
297,4451.9180,5.750586,116.021073,0
298,4466.9076,9.804838,114.673409,0
299,4481.8972,12.982285,114.559225,0
300,4496.8869,6.882316,103.538714,0
301,4511.8765,1.692770,63.910305,0
302,4526.8661,12.824153,28.982899,0
303,4541.8557,14.165781,27.923922,0
304,4556.8454,2.454121,25.028582,0
305,4571.8350,10.095191,24.725744,0
306,4586.8246,11.590029,23.416292,0
307,4601.8142,7.938363,24.054925,0
308,4616.8039,8.917734,25.189117,0
309,4631.7935,7.255612,24.812150,0
310,4646.7831,1.975730,26.461978,0
311,4661.7727,7.468965,27.615778,0
312,4676.7623,5.075971,27.651436,0
313,4691.7520,7.325899,28.116602,0
314,4706.7416,6.263213,28.271041,0
315,4721.7312,0.504774,27.434557,0
316,4736.7208,7.287038,27.048592,0
317,4751.7105,7.773966,26.255290,0
318,4766.7001,1.469498,25.558211,0
319,4781.6897,6.265745,25.229034,0
320,4796.6793,10.360136,24.080184,0
321,4811.6690,11.336800,24.345955,0
322,4826.6586,11.381405,24.757701,0
323,4841.6482,4.444686,24.629506,0
324,4856.6378,6.580125,23.834358,0
325,4871.6274,5.732588,24.503398,0
326,4886.6171,5.754177,24.084113,0
327,4901.6067,8.491018,23.668520,0
328,4916.5963,5.327902,23.305969,0
329,4931.5859,5.458216,22.635856,0
330,4946.5756,14.028905,22.213148,0
331,4961.5652,9.671356,22.794235,0
332,4976.5548,2.853033,23.392486,0
333,4991.5444,8.370060,23.875041,0
334,5006.5340,7.229694,23.724905,0
335,5021.5237,1.595981,24.906870,0
336,5036.5133,3.075448,26.237243,0
337,5051.5029,3.031255,27.771842,0
338,5066.4925,0.802284,29.423477,0
339,5081.4822,5.151357,28.940253,0
340,5096.4718,6.460046,28.382089,0
341,5111.4614,8.106593,28.162845,0
342,5126.4510,6.013490,27.528610,0
343,5141.4407,14.676986,26.755850,0
344,5156.4303,8.617063,26.811223,0
345,5171.4199,5.044536,26.789053,0
346,5186.4095,10.445976,27.169760,0
347,5201.3991,6.230900,27.296076,0
348,5216.3888,0.582364,27.968173,0
349,5231.3784,3.738875,28.231508,0
350,5246.3680,3.899718,28.700493,0
351,5261.3576,7.194135,28.040029,0
352,5276.3473,8.717419,27.571119,0
353,5291.3369,8.657739,25.439928,0
354,5306.3265,1.758692,23.192209,0
355,5321.3161,6.426512,22.628875,0
356,5336.3058,12.347428,22.949908,0
357,5351.2954,18.952165,22.814247,0
358,5366.2850,17.600462,22.772337,0
359,5381.2746,8.985786,23.291078,0
360,5396.2642,3.877422,24.273063,0
361,5411.2539,9.281754,25.597938,0
362,5426.2435,11.070158,27.195319,0
363,5441.2331,6.476201,28.645561,0
364,5456.2227,1.565720,27.960049,0
365,5471.2124,3.461505,27.688084,0
366,5486.2020,6.629201,28.512577,0
367,5501.1916,8.326586,29.547793,0
368,5516.1812,6.636481,29.530758,0
369,5531.1709,8.571011,29.706200,0
370,5546.1605,9.353785,29.604482,0
371,5561.1501,4.077993,29.684892,0
372,5576.1397,11.357125,30.043143,0
373,5591.1293,5.314725,30.270359,0
374,5606.1190,6.172993,30.226549,0
375,5621.1086,6.356968,30.139126,0
376,5636.0982,3.114170,29.470188,0
377,5651.0878,1.000623,29.387169,0
378,5666.0775,7.145073,28.571794,0
379,5681.0671,10.542122,26.997738,0
380,5696.0567,11.301800,26.776648,0
381,5711.0463,9.968050,27.510305,0
382,5726.0359,1.824480,27.286630,0
383,5741.0256,6.207179,25.830402,0
384,5756.0152,7.897255,25.767651,0
385,5771.0048,9.343677,27.141281,0
386,5785.9944,12.873317,28.494025,0
387,5800.9841,13.543025,28.337851,0
388,5815.9737,11.083758,27.947500,0
389,5830.9633,7.569300,27.955780,0
390,5845.9529,4.691949,27.878248,0
391,5860.9426,5.095769,28.417161,0
392,5875.9322,7.501878,29.287118,0
393,5890.9218,8.604724,28.743197,0
394,5905.9114,6.678288,27.938430,0
395,5920.9010,3.303488,27.725667,0
396,5935.8907,5.730916,27.270288,0
397,5950.8803,10.401251,26.362265,0
398,5965.8699,13.877038,25.530527,0
399,5980.8595,6.923787,25.824011,0
400,5995.8492,8.188590,25.048120,0
401,6010.8388,14.562187,23.479317,0
402,6025.8284,14.632930,23.387033,0
403,6040.8180,4.794711,26.591299,0
404,6055.8077,6.629214,27.341009,0
405,6070.7973,12.244351,27.025976,0
406,6085.7869,12.660491,27.969189,0
407,6100.7765,6.322367,28.318416,0
408,6115.7661,4.604923,27.358367,0
409,6130.7558,7.556801,26.922558,0
410,6145.7454,4.216403,27.340998,0
411,6160.7350,4.862890,28.174868,0
412,6175.7246,4.071334,28.521529,0
413,6190.7143,4.436467,29.342105,0
414,6205.7039,5.172505,29.637427,0
415,6220.6935,5.340468,29.077745,0
416,6235.6831,2.531321,29.356208,0
417,6250.6727,4.411437,29.272908,0
418,6265.6624,3.416424,28.546960,0
419,6280.6520,8.638957,26.304130,0
420,6295.6416,5.081612,25.579502,0
421,6310.6312,4.068201,25.331167,0
422,6325.6209,11.768449,23.784809,0
423,6340.6105,18.190366,22.219680,0
424,6355.6001,11.533775,22.579782,0
425,6370.5897,1.032344,22.476780,0
426,6385.5794,6.968043,21.757642,0
427,6400.5690,5.846848,21.534558,0
428,6415.5586,4.090614,23.330671,0
429,6430.5482,5.259016,22.801015,0
430,6445.5378,1.484807,22.198616,0
431,6460.5275,5.389586,22.680104,0
432,6475.5171,7.164646,22.374794,0
433,6490.5067,14.032029,22.529629,0
434,6505.4963,8.990684,22.108297,0
435,6520.4860,1.709720,21.285749,0
436,6535.4756,7.866117,21.154842,0
437,6550.4652,4.263166,21.329065,0
438,6565.4548,10.057265,22.681813,0
439,6580.4445,11.307076,23.302367,0
440,6595.4341,6.302436,22.828313,0
441,6610.4237,4.878929,23.079233,0
442,6625.4133,3.664141,23.100485,0
443,6640.4029,4.555145,23.015721,0
444,6655.3926,3.668864,21.714012,0
445,6670.3822,5.645004,21.496646,0
446,6685.3718,6.340374,22.552189,0
447,6700.3614,4.677852,22.161914,0
448,6715.3511,1.423995,22.083886,0
449,6730.3407,3.437263,21.774400,0
450,6745.3303,7.456176,21.906977,0
451,6760.3199,6.077557,22.639533,0
452,6775.3096,3.177096,22.434030,0
453,6790.2992,6.234090,22.502216,0
454,6805.2888,6.064913,21.683057,0
455,6820.2784,6.736429,21.495222,0
456,6835.2680,4.747180,21.628280,0
457,6850.2577,1.035345,21.020603,0
458,6865.2473,3.807221,21.039688,0
459,6880.2369,6.094885,20.932842,0
460,6895.2265,4.427269,20.664118,0
461,6910.2162,5.509168,20.326674,0
462,6925.2058,6.443492,19.346239,0
463,6940.1954,6.892730,19.978854,0
464,6955.1850,5.521819,20.167236,0
465,6970.1746,8.772707,20.346386,0
466,6985.1643,13.124938,20.038123,0
467,7000.1539,4.443141,19.572136,0
468,7015.1435,3.630258,20.281947,0
469,7030.1331,1.199517,20.375998,0
470,7045.1228,7.066678,20.471813,0
471,7060.1124,10.258026,21.137168,0
472,7075.1020,1.388698,21.133542,0
473,7090.0916,7.717721,21.192557,0
474,7105.0813,9.542269,22.211338,0
475,7120.0709,6.169926,23.210533,0
476,7135.0605,1.670691,23.722114,0
477,7150.0501,2.103905,23.686884,0
478,7165.0397,4.820383,23.612563,0
479,7180.0294,9.921139,23.749136,0
480,7195.0190,8.913224,23.677251,0
481,7210.0086,7.257578,23.604872,0
482,7224.9982,8.852781,23.885657,0
483,7239.9879,9.657295,24.129695,0
484,7254.9775,4.410898,24.400596,0
485,7269.9671,4.130441,24.523954,0
486,7284.9567,3.758589,24.157425,0
487,7299.9464,6.968965,23.729639,0
488,7314.9360,7.817917,24.405962,0
489,7329.9256,6.524243,24.810075,0
490,7344.9152,6.135482,23.697707,0
491,7359.9048,2.099048,22.195640,0
492,7374.8945,4.418911,21.825812,0
493,7389.8841,2.971705,21.836341,0
494,7404.8737,13.901206,22.008987,0
495,7419.8633,14.877946,21.692023,0
496,7434.8530,9.570107,21.583308,0
497,7449.8426,8.262678,21.571469,0
498,7464.8322,3.056198,21.035373,0
499,7479.8218,6.008111,22.781338,0
500,7494.8115,2.883358,28.427122,0
501,7509.8011,4.858918,32.490050,0
502,7524.7907,8.946111,33.047492,0
503,7539.7803,10.098601,32.656604,0
504,7554.7699,7.044077,32.161182,0
505,7569.7596,3.421430,31.898355,0
506,7584.7492,2.903933,31.883085,0
507,7599.7388,6.072623,32.270898,0
508,7614.7284,6.604204,32.763237,0
509,7629.7181,7.885853,32.939533,0
510,7644.7077,3.979647,32.727129,0
511,7659.6973,7.104662,32.762132,0
512,7674.6869,9.971662,32.895778,0
513,7689.6765,3.234006,33.068451,0
514,7704.6662,7.002447,33.467010,0
515,7719.6558,6.926511,32.001979,0
516,7734.6454,5.279180,27.346341,0
517,7749.6350,2.311185,23.623836,0
518,7764.6247,2.672625,23.143806,0
519,7779.6143,12.702449,23.514161,0
520,7794.6039,28.169865,24.340757,1
521,7809.5935,27.233292,24.420390,1
522,7824.5832,10.117892,25.446963,0
523,7839.5728,5.376141,26.485798,0
524,7854.5624,2.121157,26.430463,0
525,7869.5520,4.779915,31.143345,0
526,7884.5416,2.523679,34.930375,0
527,7899.5313,7.692041,35.485290,0
528,7914.5209,11.917262,36.048711,0
529,7929.5105,7.529232,36.188778,0
530,7944.5001,6.170398,36.279488,0
531,7959.4898,9.168479,36.125911,0
532,7974.4794,4.659283,35.696032,0
533,7989.4690,3.924835,35.311302,0
534,8004.4586,5.770377,35.144176,0
535,8019.4483,7.153886,34.962297,0
536,8034.4379,11.660749,34.629072,0
537,8049.4275,12.841956,34.744720,0
538,8064.4171,9.637074,34.382147,0
539,8079.4067,6.404662,33.164159,0
540,8094.3964,10.546243,32.314349,0
541,8109.3860,3.864459,28.654096,0
542,8124.3756,13.346433,25.665084,0
543,8139.3652,17.141032,25.044987,0
544,8154.3549,8.594832,24.308153,0
545,8169.3445,11.239381,24.620215,0
546,8184.3341,7.640285,24.112484,0
547,8199.3237,10.357611,25.287411,0
548,8214.3133,12.268895,26.622789,0
549,8229.3030,9.211828,25.990677,0
550,8244.2926,9.609682,26.467724,0
551,8259.2822,5.225533,26.954809,0
552,8274.2718,5.891500,27.540393,0
553,8289.2615,6.357596,28.328739,0
554,8304.2511,3.367159,28.367382,0
555,8319.2407,3.707957,28.616100,0
556,8334.2303,2.368394,28.458933,0
557,8349.2200,6.719383,27.411052,0
558,8364.2096,9.639312,26.001948,0
559,8379.1992,4.581289,26.402523,0
560,8394.1888,4.148061,26.804990,0
561,8409.1784,10.713997,26.172316,0
562,8424.1681,12.177973,26.244201,0
563,8439.1577,4.743023,25.671571,0
564,8454.1473,5.419901,24.430978,0
565,8469.1369,4.890206,24.214546,0
566,8484.1266,5.106081,24.296484,0
567,8499.1162,5.438151,24.850889,0
568,8514.1058,2.811437,24.409287,0
569,8529.0954,2.975303,23.230839,0
570,8544.0851,4.091019,22.641091,0
571,8559.0747,8.453922,22.490992,0
572,8574.0643,8.835767,22.996209,0
573,8589.0539,6.956383,22.981274,0
574,8604.0435,5.480145,22.967186,0
575,8619.0332,2.105691,22.565673,0
576,8634.0228,3.765979,22.300467,0
577,8649.0124,6.365273,22.636966,0
578,8664.0020,6.865398,22.647396,0
579,8678.9917,12.921766,22.274956,0
580,8693.9813,10.993300,21.726162,0
581,8708.9709,5.388198,21.899060,0
582,8723.9605,2.674590,22.639949,0
583,8738.9502,5.064511,22.655501,0
584,8753.9398,9.714187,23.384490,0
585,8768.9294,5.826636,25.100282,0
586,8783.9190,6.339425,25.247084,0
587,8798.9086,7.952126,25.112291,0
588,8813.8983,9.880851,25.043276,0
589,8828.8879,1.101102,25.488111,0
590,8843.8775,3.140513,25.177226,0
591,8858.8671,7.099049,24.777108,0
592,8873.8568,8.989943,24.749381,0
593,8888.8464,8.078576,26.229995,0
594,8903.8360,8.761251,26.519221,0
595,8918.8256,10.332383,26.402324,0
596,8933.8152,5.239905,27.351146,0
597,8948.8049,1.381980,27.543879,0
598,8963.7945,2.308328,26.494716,0
599,8978.7841,6.194297,25.649982,0
600,8993.7737,6.206283,25.012202,0
601,9008.7634,7.719380,23.558808,0
602,9023.7530,14.608248,23.486143,0
603,9038.7426,12.904174,23.555342,0
604,9053.7322,7.333934,24.339200,0
605,9068.7219,12.616010,25.128517,0
606,9083.7115,5.187012,25.969407,0
607,9098.7011,6.997309,27.139211,0
608,9113.6907,8.623495,27.865343,0
609,9128.6803,6.796951,26.628064,0
610,9143.6700,2.106088,27.288199,0
611,9158.6596,4.835000,27.199808,0
612,9173.6492,5.618868,26.550617,0
613,9188.6388,14.445210,26.553109,0
614,9203.6285,9.912149,26.585062,0
615,9218.6181,6.323759,27.277275,0
616,9233.6077,12.061360,28.831126,0
617,9248.5973,4.967366,29.430793,0
618,9263.5870,4.320212,31.618210,0
619,9278.5766,2.195752,33.193340,0
620,9293.5662,4.137760,32.686665,0
621,9308.5558,6.395378,32.266361,0
622,9323.5454,6.616499,31.622524,0
623,9338.5351,7.781226,30.426153,0
624,9353.5247,13.198816,29.387080,0
625,9368.5143,14.802602,29.692943,0
626,9383.5039,10.374344,29.872118,0
627,9398.4936,6.036518,30.416395,0
628,9413.4832,6.931403,30.424656,0
629,9428.4728,7.095930,31.061425,0
630,9443.4624,6.856763,32.264798,0
631,9458.4520,2.916703,32.453269,0
632,9473.4417,6.502826,31.571062,0
633,9488.4313,5.614790,31.185987,0
634,9503.4209,6.543693,29.079731,0
635,9518.4105,13.745356,27.355072,0
636,9533.4002,19.023846,26.739513,0
637,9548.3898,11.897057,25.938396,0
638,9563.3794,15.408336,25.885207,0
639,9578.3690,16.544249,26.135660,0
640,9593.3587,8.515011,27.369461,0
641,9608.3483,5.504975,28.817617,0
642,9623.3379,4.382764,28.588107,0
643,9638.3275,2.932949,29.470372,0
644,9653.3171,4.836818,30.566265,0
645,9668.3068,11.882690,29.790042,0
646,9683.2964,14.045560,28.162774,0
647,9698.2860,9.487868,27.114147,0
648,9713.2756,5.675260,26.194374,0
649,9728.2653,7.005200,25.914163,0
650,9743.2549,9.919058,26.518402,0
651,9758.2445,11.059619,27.467048,0
652,9773.2341,13.397453,28.277393,0
653,9788.2238,7.253265,28.235107,0
654,9803.2134,3.890806,29.232285,0
655,9818.2030,5.754988,30.400132,0
656,9833.1926,2.036997,30.065021,0
657,9848.1822,2.638609,28.840066,0
658,9863.1719,2.023070,28.066773,0
659,9878.1615,4.848788,26.515407,0
660,9893.1511,6.100310,24.952537,0
661,9908.1407,6.354360,24.787338,0
662,9923.1304,7.558799,24.870680,0
663,9938.1200,7.068455,24.619053,0
664,9953.1096,4.039024,25.476498,0
665,9968.0992,3.210248,27.326622,0
666,9983.0889,2.108341,27.586421,0
667,9998.0785,6.077584,26.677378,0
668,10013.0681,7.766399,26.299832,0
669,10028.0577,5.786175,26.715874,0
670,10043.0473,4.391367,26.458421,0
671,10058.0370,6.034063,25.021913,0
672,10073.0266,7.620832,24.345191,0
673,10088.0162,3.142523,24.607249,0
674,10103.0058,12.584297,24.872671,0
675,10117.9955,13.294728,25.061370,0
676,10132.9851,6.563539,25.100513,0
677,10147.9747,2.539058,25.172485,0
678,10162.9643,3.758051,24.940487,0
679,10177.9539,4.284146,25.897235,0
680,10192.9436,3.965994,25.795640,0
681,10207.9332,7.350144,23.920905,0
682,10222.9228,6.340065,22.961267,0
683,10237.9124,3.836011,22.435513,0
684,10252.9021,13.198422,22.793264,0
685,10267.8917,17.679721,23.106630,0
686,10282.8813,12.762424,23.263392,0
687,10297.8709,5.352680,24.306309,0
688,10312.8606,6.177672,24.269174,0
689,10327.8502,9.586617,23.947508,0
690,10342.8398,12.493406,25.367696,0
691,10357.8294,6.997272,26.452193,0
692,10372.8190,5.318955,26.553410,0
693,10387.8087,12.809569,26.396532,0
694,10402.7983,8.522318,27.293739,0
695,10417.7879,6.516116,27.586029,0
696,10432.7775,4.280912,26.967182,0
697,10447.7672,3.308390,26.887111,0
698,10462.7568,1.557116,27.515120,0
699,10477.7464,2.505504,28.105198,0
700,10492.7360,2.283216,28.597733,0
701,10507.7257,5.219952,28.343694,0
702,10522.7153,7.868731,27.372373,0
703,10537.7049,0.318493,26.257023,0
704,10552.6945,10.875999,26.479427,0
705,10567.6841,11.645334,26.239604,0
706,10582.6738,11.582796,24.836559,0
707,10597.6634,12.726365,24.342076,0
708,10612.6530,6.716010,24.479023,0
709,10627.6426,1.923771,25.086990,0
710,10642.6323,1.878636,25.367701,0
711,10657.6219,8.207616,25.210106,0
712,10672.6115,6.493922,25.900393,0
713,10687.6011,2.439865,26.126998,0
714,10702.5908,8.051651,25.485086,0
715,10717.5804,7.526766,25.018492,0
716,10732.5700,5.637194,24.001558,0
717,10747.5596,5.395123,24.303530,0
718,10762.5492,2.591569,24.771203,0
719,10777.5389,6.324547,25.085216,0
720,10792.5285,13.338622,25.000582,0
721,10807.5181,9.468105,24.864020,0
722,10822.5077,3.870068,26.017641,0
723,10837.4974,4.515169,26.187782,0
724,10852.4870,9.418533,26.190327,0
725,10867.4766,11.609388,26.544878,0
726,10882.4662,8.601667,26.195205,0
727,10897.4558,9.768044,25.643566,0
728,10912.4455,9.527174,24.661113,0
729,10927.4351,4.022659,24.764686,0
730,10942.4247,7.973964,25.789594,0
731,10957.4143,7.394406,26.840842,0
732,10972.4040,4.956059,27.619931,0
733,10987.3936,6.902378,27.726100,0
734,11002.3832,8.231969,28.189216,0
735,11017.3728,6.200508,28.615514,0
736,11032.3625,1.883515,28.524127,0
737,11047.3521,10.465935,28.602345,0
738,11062.3417,9.422519,27.444674,0
739,11077.3313,2.218663,26.802974,0
740,11092.3209,5.062054,26.550562,0
741,11107.3106,9.369940,25.475674,0
742,11122.3002,15.751963,25.271041,0
743,11137.2898,13.313420,25.239546,0
744,11152.2794,7.160189,25.166248,0
745,11167.2691,3.551154,24.901841,0
746,11182.2587,7.366052,24.469695,0
747,11197.2483,9.387247,26.260867,0
748,11212.2379,4.237202,26.734173,0
749,11227.2276,4.403151,26.012391,0
750,11242.2172,9.593804,25.109538,0
751,11257.2068,11.570485,25.329868,0
752,11272.1964,10.134867,26.247439,0
753,11287.1860,8.863295,25.602390,0
754,11302.1757,12.497883,25.445087,0
755,11317.1653,8.875456,25.801213,0
756,11332.1549,3.455800,26.562218,0
757,11347.1445,10.411951,27.260442,0
758,11362.1342,5.920010,27.240279,0
759,11377.1238,3.438731,27.785057,0
760,11392.1134,3.527530,28.616481,0
761,11407.1030,4.394247,28.567628,0
762,11422.0926,1.797839,28.283803,0
763,11437.0823,3.089355,25.781979,0
764,11452.0719,4.726576,24.123505,0
765,11467.0615,6.540597,24.097614,0
766,11482.0511,8.663270,24.207870,0
767,11497.0408,15.237723,23.715532,0
768,11512.0304,9.802509,23.774559,0
769,11527.0200,1.976487,23.986298,0
770,11542.0096,4.623808,24.294273,0
771,11556.9993,11.019083,24.650030,0
772,11571.9889,10.972550,25.204107,0
773,11586.9785,3.838870,25.100055,0
774,11601.9681,6.263014,25.011237,0
775,11616.9577,6.501439,25.219780,0
776,11631.9474,6.040924,25.469888,0
777,11646.9370,5.728764,25.920436,0
778,11661.9266,5.560132,25.469766,0
779,11676.9162,5.657736,25.494744,0
780,11691.9059,9.438786,25.613447,0
781,11706.8955,6.934346,25.588565,0
782,11721.8851,2.461534,25.640955,0
783,11736.8747,6.301239,25.156767,0
784,11751.8644,3.653848,24.141741,0
785,11766.8540,6.244039,24.966055,0
786,11781.8436,5.536227,24.837800,0
787,11796.8332,10.084794,23.707713,0
788,11811.8228,14.400625,22.221515,0
789,11826.8125,6.377433,21.969168,0
790,11841.8021,7.772782,21.705788,0
791,11856.7917,10.557697,20.334541,0
792,11871.7813,4.582904,19.725621,0
793,11886.7710,4.873519,20.420697,0
794,11901.7606,9.603218,21.309546,0
795,11916.7502,14.079621,21.972138,0
796,11931.7398,9.190014,22.562602,0
797,11946.7295,3.008829,22.708759,0
798,11961.7191,5.503647,22.526131,0
799,11976.7087,6.272443,23.226981,0
800,11991.6983,1.047170,25.305298,0
801,12006.6879,3.334504,26.043931,0
802,12021.6776,5.018731,26.718858,0
803,12036.6672,0.524367,27.039464,0
804,12051.6568,5.905839,27.877879,0
805,12066.6464,9.761853,28.139338,0
806,12081.6361,5.996534,28.045638,0
807,12096.6257,3.996123,28.051653,0
808,12111.6153,2.970047,27.724281,0
809,12126.6049,8.547192,27.454105,0
810,12141.5945,4.759247,28.077266,0
811,12156.5842,4.014981,27.562814,0
812,12171.5738,5.570860,27.362954,0
813,12186.5634,2.395587,27.234461,0
814,12201.5530,10.750273,27.574455,0
815,12216.5427,10.204826,27.628457,0
816,12231.5323,3.277841,26.093956,0
817,12246.5219,6.815256,24.452833,0
818,12261.5115,3.079888,23.231477,0
819,12276.5012,5.925550,24.351509,0
820,12291.4908,13.079712,23.898886,0
821,12306.4804,14.616724,23.637463,0
822,12321.4700,13.481964,24.724842,0
823,12336.4596,6.588982,24.674232,0
824,12351.4493,12.134080,24.608414,0
825,12366.4389,11.367602,25.493904,0
826,12381.4285,5.893632,25.310526,0
827,12396.4181,4.753303,26.550190,0
828,12411.4078,8.815616,26.558516,0
829,12426.3974,11.555929,27.419746,0
830,12441.3870,12.833654,27.933882,0
831,12456.3766,6.540036,27.368003,0
832,12471.3663,8.563081,26.920947,0
833,12486.3559,6.131498,27.140279,0
834,12501.3455,4.006868,28.158174,0
835,12516.3351,10.659352,28.085462,0
836,12531.3247,10.296732,27.814571,0
837,12546.3144,4.283734,27.782009,0
838,12561.3040,3.233809,26.947536,0
839,12576.2936,10.859546,27.463695,0
840,12591.2832,4.118267,28.095801,0
841,12606.2729,9.072735,27.244837,0
842,12621.2625,12.533216,26.288813,0
843,12636.2521,5.549758,24.676026,0
844,12651.2417,5.757801,25.627370,0
845,12666.2314,11.417522,24.631422,0
846,12681.2210,4.291196,24.083124,0
847,12696.2106,9.472485,24.870405,0
848,12711.2002,6.870699,24.962659,0
849,12726.1898,6.210075,24.824938,0
850,12741.1795,6.724347,25.221281,0
851,12756.1691,2.776275,24.345765,0
852,12771.1587,5.174863,24.910794,0
853,12786.1483,2.687365,25.349378,0
854,12801.1380,7.171166,25.828806,0
855,12816.1276,7.518878,25.347021,0
856,12831.1172,5.737925,24.517892,0
857,12846.1068,3.782126,23.837726,0
858,12861.0964,5.385185,23.425839,0
859,12876.0861,10.413331,23.650228,0
860,12891.0757,7.742201,22.763701,0
861,12906.0653,7.363228,23.010183,0
862,12921.0549,7.762786,22.778124,0
863,12936.0446,3.819234,22.905300,0
864,12951.0342,10.778591,23.445211,0
865,12966.0238,4.331285,23.552917,0
866,12981.0134,3.469822,22.637618,0
867,12996.0031,0.957332,22.636640,0
868,13010.9927,5.688345,22.203764,0
869,13025.9823,5.588030,21.969236,0
870,13040.9719,10.680734,21.353112,0
871,13055.9615,8.526725,21.600729,0
872,13070.9512,8.331566,22.902197,0
873,13085.9408,10.320701,24.082329,0
874,13100.9304,10.079574,24.188419,0
875,13115.9200,2.313013,24.894279,0
876,13130.9097,6.472434,25.173788,0
877,13145.8993,5.903110,25.337669,0
878,13160.8889,3.608389,25.672952,0
879,13175.8785,2.300125,25.406057,0
880,13190.8682,7.362222,24.953799,0
881,13205.8578,6.051821,25.736894,0
882,13220.8474,6.941968,25.559992,0
883,13235.8370,12.100308,25.407799,0
884,13250.8266,5.454611,26.050345,0
885,13265.8163,4.428769,26.311174,0
886,13280.8059,7.966039,26.282505,0
887,13295.7955,5.543092,27.130432,0
888,13310.7851,9.292918,27.920494,0
889,13325.7748,2.546255,27.193339,0
890,13340.7644,6.432115,27.112691,0
891,13355.7540,8.391515,26.737043,0
892,13370.7436,14.911174,25.976901,0
893,13385.7332,13.982795,26.210191,0
894,13400.7229,2.090663,26.117663,0
895,13415.7125,6.820262,25.937615,0
896,13430.7021,8.943746,26.464067,0
897,13445.6917,4.995291,26.768882,0
898,13460.6814,2.694178,27.466991,0
899,13475.6710,5.739742,27.295151,0
900,13490.6606,8.034423,26.473390,0
901,13505.6502,12.517304,27.149098,0
902,13520.6399,7.457880,27.501891,0
903,13535.6295,7.396527,26.398672,0
904,13550.6191,13.956751,25.131515,0
905,13565.6087,10.459842,25.012020,0
906,13580.5983,4.357373,25.988702,0
907,13595.5880,13.040727,25.787520,0
908,13610.5776,14.396158,26.054647,0
909,13625.5672,8.829603,26.678919,0
910,13640.5568,1.688628,26.826137,0
911,13655.5465,6.040264,26.456917,0
912,13670.5361,1.351794,26.629882,0
913,13685.5257,6.671821,26.592333,0
914,13700.5153,9.631967,26.503039,0
915,13715.5050,8.066535,26.579656,0
916,13730.4946,9.066342,26.404213,0
917,13745.4842,4.988331,24.686471,0
918,13760.4738,2.910611,24.319049,0
919,13775.4634,5.928167,24.795439,0
920,13790.4531,4.591900,24.694643,0
921,13805.4427,13.865724,24.943523,0
922,13820.4323,9.405698,24.005066,0
923,13835.4219,5.718486,23.659858,0
924,13850.4116,11.177752,23.524148,0
925,13865.4012,5.019672,22.059718,0
926,13880.3908,3.890081,22.707245,0
927,13895.3804,3.618139,23.308930,0
928,13910.3701,4.400729,23.127042,0
929,13925.3597,5.897903,23.111735,0
930,13940.3493,3.669768,22.095060,0
931,13955.3389,5.335567,21.851317,0
932,13970.3285,3.175912,21.788874,0
933,13985.3182,5.829683,21.937402,0
934,14000.3078,10.574173,22.085364,0
935,14015.2974,6.989768,21.500307,0
936,14030.2870,1.801514,20.601749,0
937,14045.2767,2.699650,19.967517,0
938,14060.2663,3.862681,20.499234,0
939,14075.2559,4.163916,21.974635,0
940,14090.2455,8.823890,22.337930,0
941,14105.2351,6.677685,22.871730,0
942,14120.2248,3.033381,22.029121,0
943,14135.2144,3.302146,21.426449,0
944,14150.2040,4.442150,20.848941,0
945,14165.1936,2.887991,19.606051,0
946,14180.1833,4.187076,19.666543,0
947,14195.1729,6.480946,19.870906,0
948,14210.1625,11.050872,19.781196,0
949,14225.1521,10.685049,19.818105,0
950,14240.1418,5.174341,19.234554,0
951,14255.1314,2.111613,19.401247,0
952,14270.1210,4.297540,20.185891,0
953,14285.1106,3.036745,20.930806,0
954,14300.1002,6.646672,21.272519,0
955,14315.0899,4.493176,20.453917,0
956,14330.0795,1.016058,20.004724,0
957,14345.0691,6.289364,19.749467,0
958,14360.0587,8.038273,19.379974,0
959,14375.0484,9.770089,19.414670,0
960,14390.0380,7.367993,19.023715,0
961,14405.0276,9.926657,18.562978,0
962,14420.0172,9.437388,18.575540,0
963,14435.0069,6.084847,18.773860,0
964,14449.9965,8.017658,19.737240,0
965,14464.9861,3.239311,20.422575,0
966,14479.9757,3.808214,21.234302,0
967,14494.9653,5.883580,22.063080,0
968,14509.9550,3.160712,21.466787,0
969,14524.9446,3.638379,21.184452,0
970,14539.9342,1.514542,20.456156,0
971,14554.9238,5.952674,19.783721,0
972,14569.9135,8.979466,20.403779,0
973,14584.9031,4.399350,20.333093,0
974,14599.8927,5.260098,20.275237,0
975,14614.8823,8.836279,20.364473,0
976,14629.8720,6.647918,20.652566,0
977,14644.8616,7.272526,21.230128,0
978,14659.8512,6.616708,21.147648,0
979,14674.8408,3.435588,21.150500,0
980,14689.8304,4.046574,20.813888,0
981,14704.8201,5.949651,20.856087,0
982,14719.8097,4.575666,20.930043,0
983,14734.7993,1.188646,20.030900,0
984,14749.7889,6.056353,20.168558,0
985,14764.7786,7.823383,20.191500,0
986,14779.7682,3.671600,21.005472,0
987,14794.7578,8.455333,21.499191,0
988,14809.7474,2.789705,20.847190,0
989,14824.7370,6.409967,20.931600,0
990,14839.7267,6.357444,21.475244,0
991,14854.7163,3.036576,21.191675,0
992,14869.7059,9.420762,22.606805,0
993,14884.6955,7.261863,22.265226,0
994,14899.6852,5.720193,22.559817,0
995,14914.6748,8.034990,23.157082,0
996,14929.6644,6.046418,22.628513,0
997,14944.6540,5.322466,22.442195,0
998,14959.6437,5.537003,21.964075,0
999,14974.6333,6.222520,21.943614,0
1000,14989.6229,3.420678,22.461612,0
1001,15004.6125,8.750437,23.700754,0
1002,15019.6021,8.270146,25.111465,0
1003,15034.5918,2.519753,24.818115,0
1004,15049.5814,7.042479,25.199810,0
1005,15064.5710,9.579773,24.834795,0
1006,15079.5606,10.772869,25.400589,0
1007,15094.5503,8.105992,26.825818,0
1008,15109.5399,6.258715,25.247665,0
1009,15124.5295,6.051361,25.467352,0
1010,15139.5191,7.340080,25.495231,0
1011,15154.5088,4.134933,25.779019,0
1012,15169.4984,13.650552,26.852091,0
1013,15184.4880,7.431077,26.961026,0
1014,15199.4776,6.965479,27.291386,0
1015,15214.4672,10.384619,27.443620,0
1016,15229.4569,2.828169,27.502412,0
1017,15244.4465,2.614551,28.511266,0
1018,15259.4361,2.211718,27.401314,0
1019,15274.4257,3.836109,27.475993,0
1020,15289.4154,8.112039,28.120371,0
1021,15304.4050,15.591540,28.607604,0
1022,15319.3946,18.154550,27.525865,0
1023,15334.3842,3.474144,26.184113,0
1024,15349.3738,7.688117,26.794965,0
1025,15364.3635,2.614980,27.939141,0
1026,15379.3531,11.123509,30.393759,0
1027,15394.3427,13.614728,31.735334,0
1028,15409.3323,2.253962,31.200204,0
1029,15424.3220,6.841944,31.489320,0
1030,15439.3116,1.446914,31.433426,0
1031,15454.3012,8.708110,32.618373,0
1032,15469.2908,10.993064,33.182630,0
1033,15484.2805,8.601843,30.923947,0
1034,15499.2701,8.645550,30.320244,0
1035,15514.2597,4.306148,30.430574,0
1036,15529.2493,11.088482,31.299902,0
1037,15544.2389,16.209595,33.162980,0
1038,15559.2286,10.799051,34.273927,0
1039,15574.2182,2.549090,34.724843,0
1040,15589.2078,9.869201,34.296229,0
1041,15604.1974,9.665043,33.668607,0
1042,15619.1871,3.377009,32.635688,0
1043,15634.1767,5.726262,30.957623,0
1044,15649.1663,9.682252,31.105662,0
1045,15664.1559,14.777482,31.699000,0
1046,15679.1456,16.735656,31.921596,0
1047,15694.1352,10.592909,30.498920,0
1048,15709.1248,8.573545,29.437789,0
1049,15724.1144,10.411488,29.939685,0
1050,15739.1040,9.694403,31.084293,0
1051,15754.0937,13.276020,32.565428,0
1052,15769.0833,8.124929,31.736122,0
1053,15784.0729,3.140666,30.450877,0
1054,15799.0625,3.764441,30.623910,0
1055,15814.0522,8.545097,30.605146,0
1056,15829.0418,17.038530,32.013275,0
1057,15844.0314,18.456953,31.886143,0
1058,15859.0210,12.995314,30.327881,0
1059,15874.0107,7.498100,30.023166,0
1060,15889.0003,1.103976,29.994094,0
1061,15903.9899,5.773058,30.420018,0
1062,15918.9795,7.421746,31.533871,0
1063,15933.9691,2.284167,32.247791,0
1064,15948.9588,10.325950,32.566193,0
1065,15963.9484,13.484627,32.764992,0
1066,15978.9380,7.061700,31.664543,0
1067,15993.9276,4.724275,30.220507,0
1068,16008.9173,5.281161,29.238184,0
1069,16023.9069,3.248343,28.851844,0
1070,16038.8965,7.213644,28.396006,0
1071,16053.8861,8.814307,28.009734,0
1072,16068.8757,9.697743,26.595744,0
1073,16083.8654,12.180294,26.755817,0
1074,16098.8550,12.890176,27.139017,0
1075,16113.8446,5.791444,27.241444,0
1076,16128.8342,10.386736,27.107507,0
1077,16143.8239,8.118556,25.771984,0
1078,16158.8135,4.158868,24.916476,0
1079,16173.8031,7.247586,25.117604,0
1080,16188.7927,5.905330,24.760937,0
1081,16203.7824,8.128758,24.672770,0
1082,16218.7720,3.086632,25.006082,0
1083,16233.7616,1.171704,24.917650,0
1084,16248.7512,8.144633,26.532776,0
1085,16263.7408,11.917224,26.539817,0
1086,16278.7305,4.949553,26.015850,0
1087,16293.7201,5.894946,26.442468,0
1088,16308.7097,5.090632,26.200259,0
1089,16323.6993,6.924619,25.702176,0
1090,16338.6890,3.804942,26.092808,0
1091,16353.6786,3.511056,25.753935,0
1092,16368.6682,5.505829,25.500448,0
1093,16383.6578,11.385987,24.732478,0
1094,16398.6475,8.861760,23.707736,0
1095,16413.6371,5.600223,22.389643,0
1096,16428.6267,2.893769,21.993091,0
1097,16443.6163,7.113101,21.288830,0
1098,16458.6059,8.473908,21.588141,0
1099,16473.5956,5.853816,21.632407,0
1100,16488.5852,5.972916,19.849934,0
1101,16503.5748,4.720890,18.711830,0
1102,16518.5644,6.446939,18.244674,0
1103,16533.5541,7.700605,17.886246,0
1104,16548.5437,15.091742,18.181805,0
1105,16563.5333,10.991957,18.029716,0
1106,16578.5229,6.904365,17.177293,0
1107,16593.5126,10.943905,17.419246,0
1108,16608.5022,3.609703,18.063778,0
1109,16623.4918,3.699299,19.984155,0
1110,16638.4814,2.779647,20.562664,0
1111,16653.4710,2.494488,21.417905,0
1112,16668.4607,3.515740,22.307119,0
1113,16683.4503,1.749571,22.474927,0
1114,16698.4399,4.835720,21.596205,0
1115,16713.4295,1.940917,21.168798,0
1116,16728.4192,2.029436,20.922885,0
1117,16743.4088,2.909147,21.324784,0
1118,16758.3984,4.038846,22.277540,0
1119,16773.3880,1.949649,23.301971,0
1120,16788.3776,5.217973,23.348549,0
1121,16803.3673,3.966679,23.205397,0
1122,16818.3569,3.374407,23.529689,0
1123,16833.3465,4.319741,24.004151,0
1124,16848.3361,3.478266,23.694311,0
1125,16863.3258,5.275538,22.204675,0
1126,16878.3154,6.121834,21.565972,0
1127,16893.3050,3.775662,20.667129,0
1128,16908.2946,7.508834,20.020098,0
1129,16923.2843,4.504488,19.868507,0
1130,16938.2739,4.565283,20.176617,0
1131,16953.2635,8.844447,20.732915,0
1132,16968.2531,3.640595,20.683027,0
1133,16983.2427,6.948316,20.876790,0
1134,16998.2324,4.019302,19.813942,0
1135,17013.2220,4.449973,18.444880,0
1136,17028.2116,4.618661,19.643147,0
1137,17043.2012,7.915631,20.396720,0
1138,17058.1909,13.545429,20.466370,0
1139,17073.1805,14.390391,19.897660,0
1140,17088.1701,7.008085,19.974811,0
1141,17103.1597,6.277489,20.090896,0
1142,17118.1494,9.835765,20.320017,0
1143,17133.1390,10.350231,21.691398,0
1144,17148.1286,8.220041,22.975770,0
1145,17163.1182,3.977587,23.307178,0
1146,17178.1078,6.489097,23.396704,0
1147,17193.0975,0.830249,24.095757,0
1148,17208.0871,5.952283,25.754280,0
1149,17223.0767,5.574996,25.979759,0
1150,17238.0663,6.245190,25.717336,0
1151,17253.0560,7.634593,25.529357,0
1152,17268.0456,2.665309,24.833891,0
1153,17283.0352,6.540616,25.788020,0
1154,17298.0248,6.047998,26.094874,0
1155,17313.0144,7.251085,26.434375,0
1156,17328.0041,10.559253,26.475688,0
1157,17342.9937,10.988149,26.488634,0
1158,17357.9833,8.090724,26.461624,0
1159,17372.9729,6.201393,26.997290,0
1160,17387.9626,7.796885,26.958787,0
1161,17402.9522,5.971730,27.371861,0
1162,17417.9418,4.790309,27.883057,0
1163,17432.9314,1.157913,27.202670,0
1164,17447.9211,4.360867,25.832826,0
1165,17462.9107,6.328930,25.364535,0
1166,17477.9003,6.321662,26.270224,0
1167,17492.8899,9.927976,27.104996,0
1168,17507.8795,12.732815,27.039247,0
1169,17522.8692,8.158933,26.182612,0
1170,17537.8588,0.609058,25.489771,0
1171,17552.8484,1.558258,25.082619,0
1172,17567.8380,9.165926,25.390082,0
1173,17582.8277,15.600686,26.074791,0
1174,17597.8173,11.418970,26.407531,0
1175,17612.8069,8.311473,25.643854,0
1176,17627.7965,5.372216,24.549129,0
1177,17642.7862,7.207323,24.532688,0
1178,17657.7758,6.207773,25.357463,0
1179,17672.7654,15.300366,25.690551,0
1180,17687.7550,12.934190,25.947234,0
1181,17702.7446,6.705259,25.888290,0
1182,17717.7343,6.581902,25.887334,0
1183,17732.7239,4.179914,26.645187,0
1184,17747.7135,3.600895,27.938523,0
1185,17762.7031,1.208575,29.992641,0
1186,17777.6928,10.988473,31.732080,0
1187,17792.6824,12.457232,31.988811,0
1188,17807.6720,8.525781,31.608495,0
1189,17822.6616,11.094862,31.045100,0
1190,17837.6513,3.751861,30.405657,0
1191,17852.6409,2.526350,30.724996,0
1192,17867.6305,5.925557,31.852576,0
1193,17882.6201,1.606398,31.449114,0
1194,17897.6097,8.191900,31.141985,0
1195,17912.5994,12.293267,31.062801,0
1196,17927.5890,7.259053,30.926734,0
1197,17942.5786,8.368068,31.521056,0
1198,17957.5682,6.637339,30.714444,0
1199,17972.5579,1.876271,30.157536,0
1200,17987.5475,4.699385,30.144760,0
1201,18002.5371,4.922442,27.792522,0
1202,18017.5267,10.213428,25.918562,0
1203,18032.5163,16.092287,25.764047,0
1204,18047.5060,7.182914,25.549431,0
1205,18062.4956,18.210190,25.996887,0
1206,18077.4852,18.195846,26.895800,0
1207,18092.4748,7.216230,26.817434,0
1208,18107.4645,6.609471,26.827995,0
1209,18122.4541,6.775104,26.808278,0
1210,18137.4437,3.794542,27.606243,0
1211,18152.4333,9.448809,28.973768,0
1212,18167.4230,10.559527,28.974812,0
1213,18182.4126,2.184852,28.296059,0
1214,18197.4022,10.329649,29.086225,0
1215,18212.3918,10.250286,28.825859,0
1216,18227.3814,7.713137,28.017733,0
1217,18242.3711,11.369181,28.179538,0
1218,18257.3607,1.778850,27.796662,0
1219,18272.3503,11.346719,28.742796,0
1220,18287.3399,11.500479,29.626548,0
1221,18302.3296,6.131415,29.549757,0
1222,18317.3192,2.058581,29.910891,0
1223,18332.3088,5.234256,29.320139,0
1224,18347.2984,4.961557,28.825961,0
1225,18362.2881,10.292683,29.268438,0
1226,18377.2777,11.583871,27.456897,0
1227,18392.2673,9.648406,25.456392,0
1228,18407.2569,3.069728,25.316026,0
1229,18422.2465,4.764176,25.208220,0
1230,18437.2362,5.326887,25.015433,0
1231,18452.2258,4.477589,25.137307,0
1232,18467.2154,3.739294,25.098085,0
1233,18482.2050,2.032951,24.577921,0
1234,18497.1947,9.787267,24.674690,0
1235,18512.1843,11.672499,23.501573,0
1236,18527.1739,7.508192,23.081326,0
1237,18542.1635,2.459288,23.527944,0
1238,18557.1532,2.286718,22.204217,0
1239,18572.1428,11.186655,22.485606,0
1240,18587.1324,8.816680,22.898851,0
1241,18602.1220,7.409875,22.258042,0
1242,18617.1116,9.671695,22.184445,0
1243,18632.1013,9.451356,22.444095,0
1244,18647.0909,7.313134,23.038843,0
1245,18662.0805,4.370736,23.886501,0
1246,18677.0701,3.779631,23.963536,0
1247,18692.0598,5.433142,23.528009,0
1248,18707.0494,4.158217,23.229928,0
1249,18722.0390,2.621010,23.373505,0
1250,18737.0286,2.592739,23.358740,0
1251,18752.0182,5.898002,23.211447,0
1252,18767.0079,6.830336,22.560754,0
1253,18781.9975,5.536532,21.359856,0
1254,18796.9871,1.263174,21.114662,0
1255,18811.9767,5.832123,20.242381,0
1256,18826.9664,10.200861,18.492854,0
1257,18841.9560,12.760513,18.793045,0
1258,18856.9456,6.095807,18.859805,0
1259,18871.9352,5.865683,18.818786,0
1260,18886.9249,10.110176,18.457469,0
1261,18901.9145,2.868719,18.318774,0
1262,18916.9041,6.002069,18.701469,0
1263,18931.8937,7.954341,18.234654,0
1264,18946.8833,0.808619,19.054483,0
1265,18961.8730,8.544908,22.423591,0
1266,18976.8626,8.295033,23.111024,0
1267,18991.8522,3.662546,23.128628,0
1268,19006.8418,2.937286,23.619945,0
1269,19021.8315,2.580053,23.580713,0
1270,19036.8211,1.766609,24.206618,0
1271,19051.8107,5.247560,25.025697,0
1272,19066.8003,2.299310,25.041836,0
1273,19081.7900,1.174276,24.595054,0
1274,19096.7796,1.787788,24.388346,0
1275,19111.7692,3.912895,24.407560,0
1276,19126.7588,0.697169,24.326967,0
1277,19141.7484,7.176962,23.571590,0
1278,19156.7381,4.353914,22.742512,0
1279,19171.7277,7.891201,23.705915,0
1280,19186.7173,7.169283,22.812250,0
1281,19201.7069,5.603416,19.464501,0
1282,19216.6966,1.833466,19.334456,0
1283,19231.6862,4.254315,19.391551,0
1284,19246.6758,12.458330,19.466002,0
1285,19261.6654,19.414398,20.290820,0
1286,19276.6550,10.384980,20.955934,0
1287,19291.6447,2.870242,20.102861,0
1288,19306.6343,6.356135,20.646939,0
1289,19321.6239,3.530390,22.029721,0
1290,19336.6135,5.170192,24.600858,0
1291,19351.6032,8.610031,24.912240,0
1292,19366.5928,4.927577,24.569889,0
1293,19381.5824,4.800157,24.958769,0
1294,19396.5720,3.548874,24.792278,0
1295,19411.5617,7.972252,23.785372,0
1296,19426.5513,6.789632,24.059513,0
1297,19441.5409,4.656797,23.907517,0
1298,19456.5305,7.048714,23.965669,0
1299,19471.5201,13.646676,24.367770,0
1300,19486.5098,7.047049,24.166902,0
1301,19501.4994,7.368314,25.076353,0
1302,19516.4890,7.031376,25.013403,0
1303,19531.4786,5.651197,25.167001,0
1304,19546.4683,7.076370,25.839655,0
1305,19561.4579,7.748536,24.959175,0
1306,19576.4475,12.272045,23.306632,0
1307,19591.4371,5.878718,23.453214,0
1308,19606.4268,9.277487,23.771169,0
1309,19621.4164,7.307320,23.845163,0
1310,19636.4060,1.345459,24.395671,0
1311,19651.3956,2.248642,25.416231,0
1312,19666.3852,3.821722,25.219302,0
1313,19681.3749,6.657452,25.651792,0
1314,19696.3645,3.710031,25.310170,0
1315,19711.3541,4.005042,24.733853,0
1316,19726.3437,5.492323,24.874306,0
1317,19741.3334,2.938880,24.331777,0
1318,19756.3230,9.287337,24.593492,0
1319,19771.3126,9.827000,24.847766,0
1320,19786.3022,4.422504,24.142714,0
1321,19801.2919,14.128572,23.957341,0
1322,19816.2815,12.282567,24.244754,0
1323,19831.2711,3.368445,25.435934,0
1324,19846.2607,4.561868,25.640612,0
1325,19861.2503,4.983935,25.685227,0
1326,19876.2400,9.235152,26.463787,0
1327,19891.2296,9.165960,26.220130,0
1328,19906.2192,5.994007,25.820316,0
1329,19921.2088,6.723916,25.406799,0
1330,19936.1985,6.768622,25.690385,0
1331,19951.1881,6.677585,27.139868,0
1332,19966.1777,6.311974,27.459286,0
1333,19981.1673,3.579489,27.063427,0
1334,19996.1569,1.923422,26.457113,0
1335,20011.1466,4.569378,26.656578,0
1336,20026.1362,9.947363,26.646286,0
1337,20041.1258,12.290974,26.691109,0
1338,20056.1154,12.908034,26.507740,0
1339,20071.1051,9.217378,24.610603,0
1340,20086.0947,9.350828,24.320901,0
1341,20101.0843,4.195322,24.338874,0
1342,20116.0739,13.133216,24.120726,0
1343,20131.0636,14.987868,24.420299,0
1344,20146.0532,1.624593,24.934079,0
1345,20161.0428,9.088089,25.517563,0
1346,20176.0324,5.288871,25.696779,0
1347,20191.0220,2.417261,25.352033,0
1348,20206.0117,0.818283,25.899940,0
1349,20221.0013,3.815730,25.426372,0
1350,20235.9909,8.700793,25.769656,0
1351,20250.9805,12.922903,25.840803,0
1352,20265.9702,8.501882,25.313431,0
1353,20280.9598,8.064244,25.042781,0
1354,20295.9494,8.272377,25.784723,0
1355,20310.9390,9.201912,28.303060,0
1356,20325.9287,7.565927,29.691158,0
1357,20340.9183,3.885052,29.734182,0
1358,20355.9079,11.792241,29.340166,0
1359,20370.8975,4.052155,29.377756,0
1360,20385.8871,5.985594,29.922088,0
1361,20400.8768,2.413288,29.657752,0
1362,20415.8664,6.695115,29.795635,0
1363,20430.8560,5.804078,29.744078,0
1364,20445.8456,1.756399,28.529506,0
1365,20460.8353,6.016297,28.779348,0
1366,20475.8249,10.510111,28.047377,0
1367,20490.8145,5.200119,27.467009,0
1368,20505.8041,3.982089,27.648101,0
1369,20520.7938,5.044064,27.645739,0
1370,20535.7834,9.151196,26.376192,0
1371,20550.7730,10.654903,24.909863,0
1372,20565.7626,3.886363,23.656928,0
1373,20580.7522,3.660789,23.931712,0
1374,20595.7419,15.823381,23.741252,0
1375,20610.7315,18.783478,23.087645,0
1376,20625.7211,11.448752,22.820992,0
1377,20640.7107,6.337015,22.375515,0
1378,20655.7004,7.814810,21.325358,0
1379,20670.6900,11.768189,21.809124,0
1380,20685.6796,10.007581,24.199859,0
1381,20700.6692,4.378352,24.951097,0
1382,20715.6588,11.728106,25.650002,0
1383,20730.6485,7.159733,26.379840,0
1384,20745.6381,3.443927,27.046197,0
1385,20760.6277,5.931672,27.648582,0
1386,20775.6173,5.983120,27.513447,0
1387,20790.6070,0.269541,27.149706,0
1388,20805.5966,4.145543,26.838463,0
1389,20820.5862,3.254904,26.167593,0
1390,20835.5758,4.807205,25.957770,0
1391,20850.5655,9.621901,25.482853,0
1392,20865.5551,9.411902,24.537084,0
1393,20880.5447,11.652912,24.689099,0
1394,20895.5343,8.569524,24.701066,0
1395,20910.5239,5.604177,23.793418,0
1396,20925.5136,5.881801,23.110849,0
1397,20940.5032,0.970322,23.091574,0
1398,20955.4928,1.280601,23.200079,0
1399,20970.4824,1.582723,22.874220,0
1400,20985.4721,2.293761,22.143526,0
1401,21000.4617,7.116732,21.620696,0
1402,21015.4513,10.368228,21.342101,0
1403,21030.4409,9.883414,20.666256,0
1404,21045.4306,4.373177,20.656455,0
1405,21060.4202,3.509114,20.345547,0
1406,21075.4098,4.217191,21.178922,0
1407,21090.3994,2.424669,23.104427,0
1408,21105.3890,3.739165,24.162480,0
1409,21120.3787,5.759035,24.121388,0
1410,21135.3683,5.558938,24.178470,0
1411,21150.3579,2.470759,23.546649,0
1412,21165.3475,2.491610,21.736221,0
1413,21180.3372,4.614813,20.476935,0
1414,21195.3268,2.493816,19.987869,0
1415,21210.3164,9.889479,20.200047,0
1416,21225.3060,13.019498,19.958385,0
1417,21240.2956,9.511459,19.653121,0
1418,21255.2853,5.189182,19.905960,0
1419,21270.2749,6.348279,19.731794,0
1420,21285.2645,5.251771,20.236810,0
1421,21300.2541,3.043856,21.620272,0
1422,21315.2438,0.354609,21.031243,0
1423,21330.2334,7.527422,19.370094,0
1424,21345.2230,7.843712,19.017398,0
1425,21360.2126,1.242491,19.489061,0
1426,21375.2023,10.917714,19.369726,0
1427,21390.1919,13.786273,19.520072,0
1428,21405.1815,7.651606,20.445404,0
1429,21420.1711,3.661760,20.870302,0
1430,21435.1607,3.572956,20.139404,0
1431,21450.1504,3.565987,20.353447,0
1432,21465.1400,3.225502,22.303259,0
1433,21480.1296,2.384309,23.039075,0
1434,21495.1192,8.379450,23.356501,0
1435,21510.1089,10.411632,23.678329,0
1436,21525.0985,4.877022,24.409176,0
1437,21540.0881,1.181991,23.865083,0
1438,21555.0777,3.124114,23.436043,0
1439,21570.0674,5.602135,23.881331,0
1440,21585.0570,5.171781,24.037736,0
1441,21600.0466,3.304978,24.146585,0
1442,21615.0362,2.012475,24.369357,0
1443,21630.0258,8.331233,24.278004,0
1444,21645.0155,8.679507,24.156182,0
1445,21660.0051,7.707630,24.093730,0
1446,21674.9947,1.382399,24.565980,0
1447,21689.9843,6.921426,24.062455,0
1448,21704.9740,8.396555,22.989549,0
1449,21719.9636,3.282943,23.203143,0
1450,21734.9532,3.459321,23.681151,0
1451,21749.9428,6.789280,24.694395,0
1452,21764.9325,9.444870,24.648457,0
1453,21779.9221,7.006605,24.775919,0
1454,21794.9117,7.861600,25.936687,0
1455,21809.9013,8.379903,26.676528,0
1456,21824.8909,14.737949,27.670938,0
1457,21839.8806,9.553733,27.702334,0
1458,21854.8702,5.290085,28.150823,0
1459,21869.8598,9.449646,28.360228,0
1460,21884.8494,5.450156,28.509347,0
1461,21899.8391,8.884186,29.498087,0
1462,21914.8287,6.494983,29.843563,0
1463,21929.8183,4.994694,30.389200,0
1464,21944.8079,8.836812,30.714424,0
1465,21959.7975,6.043135,30.128456,0
1466,21974.7872,8.455031,30.108512,0
1467,21989.7768,9.371511,29.316880,0
1468,22004.7664,7.648252,28.203564,0
1469,22019.7560,7.866926,28.182659,0
1470,22034.7457,9.110484,27.535729,0
1471,22049.7353,15.101113,26.295507,0
1472,22064.7249,13.237103,25.236213,0
1473,22079.7145,7.075598,25.151294,0
1474,22094.7042,14.120531,25.276998,0
1475,22109.6938,16.255907,25.862513,0
1476,22124.6834,15.938992,26.698384,0
1477,22139.6730,4.326779,26.791040,0
1478,22154.6626,8.342397,26.387681,0
1479,22169.6523,2.895411,26.536458,0
1480,22184.6419,8.042210,27.407266,0
1481,22199.6315,4.245621,29.069073,0
1482,22214.6211,7.252947,28.576503,0
1483,22229.6108,12.744823,28.760594,0
1484,22244.6004,9.909232,28.678927,0
1485,22259.5900,0.789011,28.734763,0
1486,22274.5796,7.738063,28.812663,0
1487,22289.5693,6.835217,28.693759,0
1488,22304.5589,2.484604,29.487408,0
1489,22319.5485,6.240406,30.206648,0
1490,22334.5381,8.097587,29.979287,0
1491,22349.5277,2.135130,29.931534,0
1492,22364.5174,6.975040,28.747387,0
1493,22379.5070,6.049916,27.550222,0
1494,22394.4966,8.706659,27.652291,0
1495,22409.4862,8.772994,27.229127,0
1496,22424.4759,6.211639,25.267977,0
1497,22439.4655,8.652829,23.511216,0
1498,22454.4551,5.431482,23.398244,0
1499,22469.4447,3.825488,23.085705,0
1500,22484.4343,8.004910,23.626150,0
1501,22499.4240,7.594401,23.279252,0
1502,22514.4136,5.911837,23.316555,0
1503,22529.4032,7.138444,23.674516,0
1504,22544.3928,2.944815,21.906067,0
1505,22559.3825,7.871890,20.931461,0
1506,22574.3721,9.874528,21.026726,0
1507,22589.3617,1.714483,20.210137,0
1508,22604.3513,10.606321,20.243259,0
1509,22619.3410,11.208697,20.323276,0
1510,22634.3306,9.800165,20.139890,0
1511,22649.3202,9.566123,19.893670,0
1512,22664.3098,3.401782,20.387544,0
1513,22679.2994,6.468417,21.252985,0
1514,22694.2891,7.583951,22.054028,0
1515,22709.2787,8.878095,22.450350,0
1516,22724.2683,3.883872,22.656651,0
1517,22739.2579,2.477907,22.889562,0
1518,22754.2476,1.086273,23.739154,0
1519,22769.2372,1.089749,24.498982,0
1520,22784.2268,3.972753,24.961946,0
1521,22799.2164,6.266784,24.871084,0
1522,22814.2061,6.772867,24.179417,0
1523,22829.1957,8.745177,25.354979,0
1524,22844.1853,4.313440,26.582887,0
1525,22859.1749,5.879685,26.404934,0
1526,22874.1645,7.139713,26.440325,0
1527,22889.1542,3.933808,26.273464,0
1528,22904.1438,3.369314,26.468591,0
1529,22919.1334,7.005304,26.085663,0
1530,22934.1230,3.499119,25.774814,0
1531,22949.1127,4.163005,25.557252,0
1532,22964.1023,8.737944,25.053880,0
1533,22979.0919,7.095664,24.512905,0
1534,22994.0815,4.019989,23.402088,0
1535,23009.0712,5.816747,22.257287,0
1536,23024.0608,5.398023,21.908598,0
1537,23039.0504,9.904117,23.371684,0
1538,23054.0400,14.059940,25.005550,0
1539,23069.0296,12.584074,23.678146,0
1540,23084.0193,4.803806,22.617245,0
1541,23099.0089,8.365931,22.715626,0
1542,23113.9985,0.887658,22.950844,0
1543,23128.9881,14.961228,23.796892,0
1544,23143.9778,15.885181,24.162718,0
1545,23158.9674,3.700192,23.627760,0
1546,23173.9570,6.367538,23.550187,0
1547,23188.9466,6.526288,23.084149,0
1548,23203.9362,5.802562,24.627615,0
1549,23218.9259,9.159544,26.276376,0
1550,23233.9155,7.673944,26.351980,0
1551,23248.9051,6.739251,27.113595,0
1552,23263.8947,5.365531,27.275298,0
1553,23278.8844,4.232452,25.858827,0
1554,23293.8740,5.555516,25.200581,0
1555,23308.8636,6.848875,25.438194,0
1556,23323.8532,6.196134,25.740617,0
1557,23338.8429,14.399873,25.675249,0
1558,23353.8325,13.912999,25.670642,0
1559,23368.8221,3.885690,24.846043,0
1560,23383.8117,8.510614,25.128411,0
1561,23398.8013,3.702396,26.128555,0
1562,23413.7910,3.732704,26.970210,0
1563,23428.7806,3.060701,28.190887,0
1564,23443.7702,2.096150,27.375581,0
1565,23458.7598,1.664928,26.100314,0
1566,23473.7495,3.535289,26.698957,0
1567,23488.7391,5.517401,26.178968,0
1568,23503.7287,6.420699,25.807651,0
1569,23518.7183,5.345135,25.469868,0
1570,23533.7080,8.841750,24.550353,0
1571,23548.6976,11.861582,24.191921,0
1572,23563.6872,6.284896,23.513619,0
1573,23578.6768,4.937276,24.057137,0
1574,23593.6664,7.697451,23.704297,0
1575,23608.6561,2.906255,23.724829,0
1576,23623.6457,10.356373,23.598503,0
1577,23638.6353,1.995035,23.237163,0
1578,23653.6249,9.664462,22.341979,0
1579,23668.6146,7.161594,21.194658,0
1580,23683.6042,12.575982,20.248166,0
1581,23698.5938,11.881200,20.618282,0
1582,23713.5834,3.021185,19.169237,0
1583,23728.5731,6.288551,19.192178,0
1584,23743.5627,10.683199,19.523652,0
1585,23758.5523,2.001531,20.997482,0
1586,23773.5419,13.150307,22.185776,0
1587,23788.5315,9.212394,22.456692,0
1588,23803.5212,3.853129,23.168615,0
1589,23818.5108,1.311427,23.860914,0
1590,23833.5004,1.571889,24.137620,0
1591,23848.4900,1.566709,25.686165,0
1592,23863.4797,5.020832,25.364844,0
1593,23878.4693,8.310635,24.808841,0
1594,23893.4589,5.676008,24.568038,0
1595,23908.4485,2.625909,24.141211,0
1596,23923.4381,6.814762,24.756454,0
1597,23938.4278,9.450545,24.484478,0
1598,23953.4174,8.352912,24.903749,0
1599,23968.4070,4.909143,25.074842,0
1600,23983.3966,1.781412,25.035207,0
1601,23998.3863,3.812179,24.254440,0
1602,24013.3759,3.129533,23.975738,0
1603,24028.3655,2.835154,24.125812,0
1604,24043.3551,3.377013,23.374370,0
1605,24058.3448,5.198178,22.180499,0
1606,24073.3344,4.235126,22.527509,0
1607,24088.3240,6.487520,21.018950,0
1608,24103.3136,10.653395,20.253747,0
1609,24118.3032,9.684088,20.605474,0
1610,24133.2929,9.828703,20.503399,0
1611,24148.2825,11.978064,20.510442,0
1612,24163.2721,7.286039,20.654629,0
1613,24178.2617,5.506651,21.197861,0
1614,24193.2514,7.535107,21.490460,0
1615,24208.2410,4.306207,21.901607,0
1616,24223.2306,9.968255,23.206867,0
1617,24238.2202,7.511593,23.321991,0
1618,24253.2099,2.606473,22.804453,0
1619,24268.1995,9.739673,23.262325,0
1620,24283.1891,7.059912,23.640359,0
1621,24298.1787,4.832104,24.412933,0
1622,24313.1683,5.429886,24.538402,0
1623,24328.1580,1.757429,24.688023,0
1624,24343.1476,4.681934,25.734142,0
1625,24358.1372,6.455301,26.003174,0
1626,24373.1268,11.514903,26.133225,0
1627,24388.1165,10.471131,26.204745,0
1628,24403.1061,5.934970,25.652633,0
1629,24418.0957,8.766710,25.012300,0
1630,24433.0853,4.346854,24.720199,0
1631,24448.0749,1.985956,24.434988,0
1632,24463.0646,8.805066,23.772193,0
1633,24478.0542,6.025470,24.262763,0
1634,24493.0438,4.419195,25.215269,0
1635,24508.0334,9.163310,24.507085,0
1636,24523.0231,9.476237,23.854439,0
1637,24538.0127,5.724031,23.386357,0
1638,24553.0023,4.110600,23.215851,0
1639,24567.9919,8.906416,22.795684,0
1640,24582.9816,8.979932,21.990610,0
1641,24597.9712,7.535889,22.678007,0
1642,24612.9608,10.445903,23.615199,0
1643,24627.9504,11.607252,24.692049,0
1644,24642.9400,10.322517,25.908164,0
1645,24657.9297,8.952681,27.057498,0
1646,24672.9193,6.549549,27.237642,0
1647,24687.9089,1.902625,27.080877,0
1648,24702.8985,5.539294,27.070514,0
1649,24717.8882,5.532471,26.841575,0
1650,24732.8778,5.299412,26.231788,0
1651,24747.8674,2.437526,26.400341,0
1652,24762.8570,5.275244,26.508792,0
1653,24777.8467,11.012748,26.665499,0
1654,24792.8363,10.567388,26.805697,0
1655,24807.8259,3.410090,27.533721,0
1656,24822.8155,0.776658,27.860676,0
1657,24837.8051,3.510867,26.966086,0
1658,24852.7948,10.266946,26.593420,0
1659,24867.7844,8.001746,26.344201,0
1660,24882.7740,3.056376,25.549354,0
1661,24897.7636,11.500310,24.678608,0
1662,24912.7533,12.789242,24.424832,0
1663,24927.7429,13.121644,24.493239,0
1664,24942.7325,11.787750,24.153149,0
1665,24957.7221,12.426274,23.942597,0
1666,24972.7118,6.503174,25.066302,0
1667,24987.7014,1.971373,26.543801,0
1668,25002.6910,1.030520,28.233939,0
1669,25017.6806,3.597678,28.784932,0
1670,25032.6702,3.367318,28.774334,0
1671,25047.6599,3.771766,27.982440,0
1672,25062.6495,4.258114,27.776062,0
1673,25077.6391,9.173658,27.949876,0
1674,25092.6287,11.557907,27.534964,0
1675,25107.6184,13.194226,27.071796,0
1676,25122.6080,11.902522,26.681167,0
1677,25137.5976,6.867933,26.187415,0
1678,25152.5872,3.899095,26.404467,0
1679,25167.5768,6.152077,26.477353,0
1680,25182.5665,9.109006,27.362983,0
1681,25197.5561,10.164395,28.173110,0
1682,25212.5457,7.027944,26.972817,0
1683,25227.5353,4.198380,25.376684,0
1684,25242.5250,4.707215,23.778974,0
1685,25257.5146,8.932713,23.935085,0
1686,25272.5042,11.151393,24.206970,0
1687,25287.4938,11.053993,24.139901,0
1688,25302.4835,11.276662,23.610578,0
1689,25317.4731,8.371770,23.140008,0
1690,25332.4627,2.819972,24.054726,0
1691,25347.4523,5.011997,24.751760,0
1692,25362.4419,10.450965,25.570036,0
1693,25377.4316,10.147721,26.594991,0
1694,25392.4212,7.383443,26.514469,0
1695,25407.4108,7.895910,26.108227,0
1696,25422.4004,4.173684,25.117154,0
1697,25437.3901,2.742058,24.859154,0
1698,25452.3797,3.433419,25.199383,0
1699,25467.3693,1.003873,25.817729,0
1700,25482.3589,7.420609,26.165481,0
1701,25497.3486,9.075385,25.028000,0
1702,25512.3382,3.313664,24.312420,0
1703,25527.3278,4.474765,24.974188,0
1704,25542.3174,5.100585,24.928310,0
1705,25557.3070,12.181836,25.175817,0
1706,25572.2967,9.914375,24.687032,0
1707,25587.2863,2.880462,23.649439,0
1708,25602.2759,4.438374,23.021287,0
1709,25617.2655,3.989893,22.196105,0
1710,25632.2552,10.821353,23.110432,0
1711,25647.2448,7.164667,23.387653,0
1712,25662.2344,5.737321,23.097176,0
1713,25677.2240,7.667936,22.419818,0
1714,25692.2137,3.610479,22.035168,0
1715,25707.2033,7.908492,22.492788,0
1716,25722.1929,7.198237,22.506780,0
1717,25737.1825,8.726402,22.495275,0
1718,25752.1721,2.497587,22.452637,0
1719,25767.1618,8.677353,21.793700,0
1720,25782.1514,7.464579,22.357866,0
1721,25797.1410,6.273365,22.888744,0
1722,25812.1306,9.393054,23.171067,0
1723,25827.1203,11.987261,23.153273,0
1724,25842.1099,5.427103,23.309220,0
1725,25857.0995,4.493783,23.476032,0
1726,25872.0891,6.438718,23.076617,0
1727,25887.0787,3.785464,23.617533,0
1728,25902.0684,6.869117,24.447087,0
1729,25917.0580,6.933231,24.775093,0
1730,25932.0476,7.676586,25.075095,0
1731,25947.0372,3.294014,24.139837,0
1732,25962.0269,5.305865,23.491090,0
1733,25977.0165,8.557565,23.903152,0
1734,25992.0061,6.482670,23.776809,0
1735,26006.9957,8.591055,23.905006,0
1736,26021.9854,8.283760,23.624059,0
1737,26036.9750,4.722872,23.100892,0
1738,26051.9646,5.586124,22.975090,0
1739,26066.9542,7.418215,23.905865,0
1740,26081.9438,6.526969,24.297229,0
1741,26096.9335,9.770645,24.580260,0
1742,26111.9231,9.309075,24.142360,0
1743,26126.9127,4.074395,23.099965,0
1744,26141.9023,3.692776,22.677382,0
1745,26156.8920,6.462623,21.975880,0
1746,26171.8816,10.593491,22.081326,0
1747,26186.8712,9.830871,22.444138,0
1748,26201.8608,3.507702,22.369513,0
1749,26216.8505,10.577605,21.803855,0
1750,26231.8401,9.087927,22.176781,0
1751,26246.8297,3.382713,22.557452,0
1752,26261.8193,3.601997,23.007743,0
1753,26276.8089,8.160432,22.812608,0
1754,26291.7986,4.885743,22.994178,0
1755,26306.7882,5.240531,22.528650,0
1756,26321.7778,7.366013,21.551089,0
1757,26336.7674,6.770110,20.620338,0
1758,26351.7571,8.496910,20.766223,0
1759,26366.7467,10.566302,21.434573,0
1760,26381.7363,8.466981,21.847020,0
1761,26396.7259,8.387065,22.185784,0
1762,26411.7155,8.080889,21.887008,0
1763,26426.7052,2.453271,21.817153,0
1764,26441.6948,6.554924,22.883259,0
1765,26456.6844,2.194951,23.995422,0
1766,26471.6740,4.609572,24.364704,0
1767,26486.6637,3.831021,24.129316,0
1768,26501.6533,0.822460,23.434975,0
1769,26516.6429,5.022150,23.494633,0
1770,26531.6325,8.907950,22.605446,0
1771,26546.6222,5.022879,22.492380,0
1772,26561.6118,5.475467,22.634761,0
1773,26576.6014,5.905438,22.928168,0
1774,26591.5910,7.647290,23.748909,0
1775,26606.5806,2.746053,24.314595,0
1776,26621.5703,2.203223,23.497299,0
1777,26636.5599,2.881364,23.056272,0
1778,26651.5495,6.254315,22.788565,0
1779,26666.5391,9.895446,22.561630,0
1780,26681.5288,11.138119,21.442452,0
1781,26696.5184,6.155153,19.912536,0
1782,26711.5080,5.603377,18.653865,0
1783,26726.4976,4.470394,18.407979,0
1784,26741.4873,6.965338,19.192447,0
1785,26756.4769,11.112642,20.296575,0
1786,26771.4665,10.213691,21.098321,0
1787,26786.4561,6.158346,21.113900,0
1788,26801.4457,4.646141,21.003080,0
1789,26816.4354,3.550439,21.091286,0
1790,26831.4250,6.530201,20.721360,0
1791,26846.4146,7.320834,20.128925,0
1792,26861.4042,4.570025,20.256177,0
1793,26876.3939,7.789932,21.276909,0
1794,26891.3835,13.976825,22.123894,0
1795,26906.3731,11.133701,22.390540,0
1796,26921.3627,3.021298,23.029832,0
1797,26936.3524,0.777091,23.237957,0
1798,26951.3420,2.357940,23.479250,0
1799,26966.3316,1.686287,24.333168,0
1800,26981.3212,2.227101,24.470195,0
1801,26996.3108,0.790256,23.334058,0
1802,27011.3005,4.562342,23.389733,0
1803,27026.2901,6.065147,25.800312,0
1804,27041.2797,4.257269,26.818904,0
1805,27056.2693,7.889485,26.438231,0
1806,27071.2590,10.444323,25.519279,0
1807,27086.2486,6.739193,24.949132,0
1808,27101.2382,1.258205,25.078312,0
1809,27116.2278,4.896549,24.143166,0
1810,27131.2174,7.120837,23.549453,0
1811,27146.2071,5.140897,23.902226,0
1812,27161.1967,3.441070,23.826847,0
1813,27176.1863,11.666562,23.686515,0
1814,27191.1759,11.749286,23.483819,0
1815,27206.1656,7.366803,22.703327,0
1816,27221.1552,6.779949,22.317767,0
1817,27236.1448,3.669563,22.257550,0
1818,27251.1344,1.494233,22.319263,0
1819,27266.1241,1.722027,20.227312,0
1820,27281.1137,3.483644,20.399146,0
1821,27296.1033,3.785338,22.438736,0
1822,27311.0929,12.416343,22.644136,0
1823,27326.0825,20.658740,22.957588,0
1824,27341.0722,13.394988,22.735279,0
1825,27356.0618,2.597284,24.943462,0
1826,27371.0514,5.514890,25.789017,0
1827,27386.0410,4.864018,26.077278,0
1828,27401.0307,5.688321,29.831302,0
1829,27416.0203,1.249370,31.612688,0
1830,27431.0099,1.873023,31.578542,0
1831,27445.9995,6.166045,31.301195,0
1832,27460.9892,6.584705,30.979370,0
1833,27475.9788,3.574355,31.189473,0
1834,27490.9684,3.205020,30.807965,0
1835,27505.9580,6.286930,30.384493,0
1836,27520.9476,7.590832,29.639294,0
1837,27535.9373,1.888919,28.330247,0
1838,27550.9269,5.187380,28.379640,0
1839,27565.9165,5.237585,28.169661,0
1840,27580.9061,12.203718,28.443594,0
1841,27595.8958,15.089913,27.234700,0
1842,27610.8854,6.733292,26.953793,0
1843,27625.8750,9.224890,27.608271,0
1844,27640.8646,5.976704,24.273445,0
1845,27655.8543,17.978361,23.441394,0
1846,27670.8439,13.417978,24.930628,0
1847,27685.8335,6.145422,25.029172,0
1848,27700.8231,17.067012,25.520098,0
1849,27715.8127,12.771628,25.468886,0
1850,27730.8024,4.586179,27.594505,0
1851,27745.7920,2.743841,29.014497,0
1852,27760.7816,0.542768,28.952117,0
1853,27775.7712,4.713329,30.537637,0
1854,27790.7609,9.515204,31.253500,0
1855,27805.7505,9.180075,31.230321,0
1856,27820.7401,5.573781,31.001816,0
1857,27835.7297,1.669916,30.368646,0
1858,27850.7193,7.377358,29.768582,0
1859,27865.7090,6.438690,28.763704,0
1860,27880.6986,6.757171,28.587170,0
1861,27895.6882,8.713380,27.559439,0
1862,27910.6778,12.048356,26.385530,0
1863,27925.6675,16.495198,27.474232,0
1864,27940.6571,13.110199,27.881073,0
1865,27955.6467,8.635575,28.087001,0
1866,27970.6363,4.007907,25.992861,0
1867,27985.6260,2.714185,24.977372,0
1868,28000.6156,3.641502,26.651260,0
1869,28015.6052,3.319965,25.744247,0
1870,28030.5948,10.347237,25.051865,0
1871,28045.5844,12.196595,24.945180,0
1872,28060.5741,4.525388,24.837651,0
1873,28075.5637,6.137675,24.918129,0
1874,28090.5533,6.059217,25.006799,0
1875,28105.5429,5.133544,25.452294,0
1876,28120.5326,5.917706,25.884413,0
1877,28135.5222,4.091584,25.716589,0
1878,28150.5118,4.279948,25.726800,0
1879,28165.5014,5.666339,24.608875,0
1880,28180.4911,9.202163,23.795376,0
1881,28195.4807,4.407221,23.959181,0
1882,28210.4703,7.148984,23.996420,0
1883,28225.4599,13.194356,23.420923,0
1884,28240.4495,11.154673,21.669243,0
1885,28255.4392,5.969969,21.310283,0
1886,28270.4288,3.847460,22.107406,0
1887,28285.4184,5.333347,23.288833,0
1888,28300.4080,6.728249,25.033362,0
1889,28315.3977,3.819262,25.951658,0
1890,28330.3873,4.450170,25.856262,0
1891,28345.3769,3.915380,24.985562,0
1892,28360.3665,4.373896,24.514519,0
1893,28375.3561,3.972540,25.012139,0
1894,28390.3458,6.540964,24.960462,0
1895,28405.3354,9.109392,24.699299,0
1896,28420.3250,9.311805,24.759057,0
1897,28435.3146,2.011601,24.809981,0
1898,28450.3043,4.219075,24.374285,0
1899,28465.2939,4.804472,24.481800,0
1900,28480.2835,4.633180,25.169452,0
1901,28495.2731,8.350737,25.173339,0
1902,28510.2628,8.907255,24.029903,0
1903,28525.2524,8.571472,22.912779,0
1904,28540.2420,6.959634,20.980248,0
1905,28555.2316,7.451617,19.851065,0
1906,28570.2212,13.368718,20.572810,0
1907,28585.2109,11.878210,21.442385,0
1908,28600.2005,10.254878,20.953361,0
1909,28615.1901,6.707737,20.705814,0
1910,28630.1797,1.829596,20.771965,0
1911,28645.1694,6.520302,22.534495,0
1912,28660.1590,11.709464,23.849746,0
1913,28675.1486,7.290472,23.909444,0
1914,28690.1382,5.756900,24.424336,0
1915,28705.1279,1.052244,24.918433,0
1916,28720.1175,6.430475,24.537427,0
1917,28735.1071,9.653578,24.613126,0
1918,28750.0967,4.005904,24.778783,0
1919,28765.0863,8.046936,24.775077,0
1920,28780.0760,9.996675,24.623494,0
1921,28795.0656,7.354143,24.766112,0
1922,28810.0552,5.041094,24.690884,0
1923,28825.0448,4.143134,23.771976,0
1924,28840.0345,1.356556,23.575262,0
1925,28855.0241,3.116737,23.864111,0
1926,28870.0137,7.531997,24.539864,0
1927,28885.0033,9.355336,24.290246,0
1928,28899.9930,5.470233,23.705277,0
1929,28914.9826,4.366168,23.329630,0
1930,28929.9722,0.654856,23.108985,0
1931,28944.9618,8.428901,22.227707,0
1932,28959.9514,9.925062,22.203127,0
1933,28974.9411,3.963402,21.448153,0
1934,28989.9307,7.839161,21.237788,0
1935,29004.9203,13.314998,21.345316,0
1936,29019.9099,9.159867,22.328533,0
1937,29034.8996,3.851906,23.176996,0
1938,29049.8892,0.916923,22.751347,0
1939,29064.8788,1.128518,22.965439,0
1940,29079.8684,1.168233,23.770385,0
1941,29094.8580,3.308924,23.629790,0
1942,29109.8477,4.703062,22.657375,0
1943,29124.8373,4.158235,21.058757,0
1944,29139.8269,3.273307,19.893020,0
1945,29154.8165,2.941382,19.619277,0
1946,29169.8062,9.997201,19.189166,0
1947,29184.7958,13.704392,18.858892,0
1948,29199.7854,11.758103,17.916826,0
1949,29214.7750,8.127437,17.852951,0
1950,29229.7647,8.124653,18.045222,0
1951,29244.7543,2.027461,18.693026,0
1952,29259.7439,5.968313,19.319425,0
1953,29274.7335,4.818116,19.172534,0
1954,29289.7231,2.829249,19.527061,0
1955,29304.7128,6.907634,20.255410,0
1956,29319.7024,7.757291,19.312204,0
1957,29334.6920,8.340092,19.226167,0
1958,29349.6816,6.402091,19.630301,0
1959,29364.6713,1.109980,19.773690,0
1960,29379.6609,3.312751,20.173868,0
1961,29394.6505,2.168088,20.728758,0
1962,29409.6401,2.058036,21.254058,0
1963,29424.6298,1.686484,21.720755,0
1964,29439.6194,3.317944,22.593174,0
1965,29454.6090,5.839557,23.292856,0
1966,29469.5986,3.837638,23.381335,0
1967,29484.5882,1.022331,22.589723,0
1968,29499.5779,1.405472,21.266096,0
1969,29514.5675,5.964282,20.453415,0
1970,29529.5571,6.253890,20.274725,0
1971,29544.5467,4.422383,19.269558,0
1972,29559.5364,3.847620,18.642377,0
1973,29574.5260,3.585839,18.180217,0
1974,29589.5156,5.637111,18.589830,0
1975,29604.5052,9.140680,19.618631,0
1976,29619.4949,8.500288,19.962526,0
1977,29634.4845,6.560596,19.725020,0
1978,29649.4741,6.552981,19.508486,0
1979,29664.4637,3.552608,19.431000,0
1980,29679.4533,3.535282,19.358421,0
1981,29694.4430,6.583356,19.002295,0
1982,29709.4326,4.716223,18.984139,0
1983,29724.4222,6.504759,19.344636,0
1984,29739.4118,11.573665,19.237084,0
1985,29754.4015,11.470633,18.960982,0
1986,29769.3911,7.446096,18.781419,0
1987,29784.3807,2.480692,18.801217,0
1988,29799.3703,5.071718,19.252487,0
1989,29814.3599,6.200472,20.258078,0
1990,29829.3496,6.473870,20.464296,0
1991,29844.3392,3.956774,19.804686,0
1992,29859.3288,2.006876,19.017314,0
1993,29874.3184,5.065753,18.583680,0
1994,29889.3081,8.702997,18.429860,0
1995,29904.2977,9.968685,18.241984,0
1996,29919.2873,9.025984,17.312939,0
1997,29934.2769,7.774951,16.502362,0
1998,29949.2666,7.312305,16.392321,0
1999,29964.2562,6.517287,16.924140,0
2000,29979.2458,6.571803,17.941114,0
2001,29994.2354,5.416112,18.774480,0
2002,30009.2250,3.877584,19.174992,0
2003,30024.2147,2.979368,19.798747,0
2004,30039.2043,1.871867,20.204683,0
2005,30054.1939,2.309673,19.941571,0
2006,30069.1835,3.514375,19.564465,0
2007,30084.1732,3.220506,19.720960,0
2008,30099.1628,3.774822,20.217384,0
2009,30114.1524,3.579751,20.523389,0
2010,30129.1420,2.217716,20.519934,0
2011,30144.1317,1.844160,20.400666,0
2012,30159.1213,1.794898,20.370810,0
2013,30174.1109,0.802572,20.431467,0
2014,30189.1005,3.288094,20.208326,0
2015,30204.0901,3.418105,19.380930,0
2016,30219.0798,3.470465,18.340008,0
2017,30234.0694,3.921509,17.346585,0
2018,30249.0590,4.643497,16.360817,0
2019,30264.0486,5.403800,15.397209,0
2020,30279.0383,4.802230,14.413278,0
2021,30294.0279,5.301438,13.260374,0
2022,30309.0175,6.388538,12.301629,0
2023,30324.0071,7.213440,11.569012,0
2024,30338.9967,7.923075,11.033430,0
2025,30353.9864,8.479670,10.444030,0
2026,30368.9760,7.905105,10.160547,0
2027,30383.9656,7.889438,10.218844,0
2028,30398.9552,7.742374,10.836394,0
2029,30413.9449,7.761579,11.581477,0
2030,30428.9345,6.595273,12.563657,0
2031,30443.9241,5.158516,13.591789,0
2032,30458.9137,3.698471,14.639716,0
2033,30473.9034,3.546443,15.678816,0
2034,30488.8930,2.686893,16.753431,0
2035,30503.8826,1.346233,17.481467,0
2036,30518.8722,1.143675,17.977944,0
2037,30533.8618,0.237317,18.305915,0
2038,30548.8515,0.996165,18.658326,0
2039,30563.8411,1.713717,18.871526,0
2040,30578.8307,2.371075,18.911014,0
2041,30593.8203,2.718100,19.051981,0
2042,30608.8100,1.722171,19.097193,0
2043,30623.7996,1.811704,18.968231,0
2044,30638.7892,1.823191,18.084359,0
2045,30653.7788,1.652136,16.997660,0
2046,30668.7685,1.792679,15.680722,0
2047,30683.7581,1.307626,14.358950,0
